{
  "test_metrics": {
    "auroc": 0.8416363636363637,
    "auprc": 0.6575245446128809,
    "mcc": 0.49477650961459674,
    "f1": 0.6371681415929203,
    "sensitivity": 0.8181818181818182,
    "specificity": 0.736,
    "precision": 0.5217391304347826,
    "threshold": 0.3083000183105469,
    "tp": 36,
    "tn": 92,
    "fp": 33,
    "fn": 8
  },
  "best_val_auroc": 0.8196831816649816
}