{
  "test_metrics": {
    "auroc": 0.8476363636363636,
    "auprc": 0.6842025035622789,
    "mcc": 0.5499573851418569,
    "f1": 0.6736842105263158,
    "sensitivity": 0.7272727272727273,
    "specificity": 0.848,
    "precision": 0.6274509803921569,
    "threshold": 0.4426894783973694,
    "tp": 32,
    "tn": 106,
    "fp": 19,
    "fn": 12
  },
  "best_val_auroc": 0.8301314459049546,
  "train_time_s": 35031.04209494591,
  "dataset_size": 1814
}